frame,type,left,reference,left_label,reference_label,iou
adasind_258420.jpg,missing_annotation,,2,,Bike,N/A
adasind_258420.jpg,missing_annotation,,3,,Bike,N/A
adasind_258420.jpg,missing_annotation,,7,,Pedestrian,N/A
adasind_270517.jpg,mismatching_attributes,5,5,Car,Car,0.721
adasind_270517.jpg,missing_annotation,,3,,Bike,N/A
adasind_270517.jpg,missing_annotation,,7,,Bike,N/A
adasind_310008.jpg,mismatching_attributes,5,3,Pedestrian,Pedestrian,0.867
adasind_310008.jpg,mismatching_attributes,1,5,Pedestrian,Pedestrian,0.796
adasind_310008.jpg,mismatching_attributes,3,4,Pedestrian,Pedestrian,0.703
adasind_310008.jpg,mismatching_attributes,4,2,Pedestrian,Pedestrian,0.676
